pdbid,pK_predicted,t_prep_s,t_inf_s
1B3_17-b-estradiol_AF3_1,5.443162,279.62419056892395,3.6531805992126474
1B3_17-b-estradiol_AF3_11,4.6281757,274.73813581466675,1.5252084732055664
1B3_17-b-estradiol_AF3_16,5.29065,298.9285411834717,1.5263190269470217
1B3_17-b-estradiol_AF3_21,4.944023,302.7463266849518,1.5254149436950684
1B3_17-b-estradiol_AF3_5,5.166625,318.4936709403992,1.508021593093872
1B3_17-b-estradiol_AF3_51,5.8507795,302.5986952781677,1.4514024257659912
1B3_17-b-estradiol_AF3_74,5.4065943,277.9049150943756,1.5223886966705322
1B3_17-b-estradiol_AF3_98,5.37441,284.3819513320923,1.4722435474395752
1B3_5-carboxyfluoresceindiacetate_AF3_1,5.9144955,529.2555513381958,1.4518918991088867
1B3_5-carboxyfluoresceindiacetate_AF3_11,6.543043,437.1080605983734,1.5269954204559326
1B3_5-carboxyfluoresceindiacetate_AF3_16,5.8648086,522.0148456096649,1.5261807441711426
1B3_5-carboxyfluoresceindiacetate_AF3_23,5.988211,458.3314442634583,1.5229570865631104
1B3_5-carboxyfluoresceindiacetate_AF3_37,5.8618083,493.0451197624207,1.512244701385498
1B3_5-carboxyfluoresceindiacetate_AF3_39,6.8940096,494.33003997802734,1.5252790451049805
1B3_5-carboxyfluoresceindiacetate_AF3_51,5.3766694,683.9111604690552,1.5334558486938477
1B3_5-carboxyfluoresceindiacetate_AF3_68,5.9348807,472.0793807506561,1.499481201171875
1B3_5-carboxyfluoresceindiacetate_AF3_70,7.3130307,548.3081567287445,1.4704160690307615
1B3_5-carboxyfluoresceindiacetate_AF3_74,6.38858,431.5036883354187,1.505563497543335
1B3_acarbose_AF3_16,4.913007,824.604724407196,1.4997055530548096
1B3_acarbose_AF3_17,5.2199016,917.594608783722,1.5098178386688232
1B3_acarbose_AF3_20,4.9884243,812.3554892539978,3.9687678813934326
1B3_acarbose_AF3_27,4.1252837,887.9770550727844,3.862545967102051
1B3_acarbose_AF3_36,4.406123,979.4257643222808,1.787369966506958
1B3_acarbose_AF3_37,5.2276406,812.6660897731781,1.5112333297729492
1B3_acarbose_AF3_4,4.8661,828.9268174171448,1.5130012035369873
1B3_acarbose_AF3_51,4.8220296,813.8675329685211,2.107851028442383
1B3_acarbose_AF3_58,6.3537836,998.2429354190826,1.8117940425872805
1B3_acarbose_AF3_60,4.467559,842.1350543498993,3.640156745910645
