transporter,ligand,n_structures,mean_pK,median_pK,std_pK,min_pK,max_pK,mean_prep_s,mean_inf_s
1B3,17-b-estradiol,8,5.2630524375,5.33253,0.3636669311105776,4.6281757,5.8507795,292.4270533621311,1.7730224132537844
1B3,5-carboxyfluoresceindiacetate,10,6.20795368,5.96154585,0.5748768748157368,5.3766694,7.3130307,506.9887447834015,1.507446551322937
1B3,acarbose,10,4.93898524,4.8895535,0.6104911820231897,4.1252837,6.3537836,871.7796071767807,2.3212243556976317
1B3,aciclovir,10,5.082358999999999,5.0340823,0.4553691218860267,4.406915,5.7669253,482.0384096622467,1.4891878843307496
1B3,allopurinol,10,4.30229358,4.568923399999999,0.697657303631186,3.1883106,5.1574554,267.54018380641935,1.5169684648513795
1B3,amantadine,10,3.8246963999999997,3.8575627,0.36505586284012304,3.1782732,4.3693156,223.8258605003357,1.5097580671310424
1B3,amitriptyline,10,5.50280482,5.45694775,0.7645610158678041,4.1879606,6.622271,345.74441623687744,1.4997204780578612
1B3,amodiaquine,10,6.11644727,6.25746865,0.4052793357050721,5.4208508,6.55976,559.858300113678,2.032972049713135
1B3,amprenavir,10,5.48155694,5.2876367,0.5849087589279773,4.825122,6.6048775,728.9498387098313,2.5037128925323486
1B3,astemizole,10,7.0829939,7.009620699999999,0.35754969041862344,6.5368443,7.6303096,699.4012344121933,2.3767698049545287
1B3,atazanavir,10,6.63707945,6.5516547,0.42991925348989596,5.890703,7.271687,990.5966200828552,1.7522180318832397
1B3,atenolol,10,4.511469979999999,4.51754075,0.373280706876149,3.9745758,5.133794,465.66172244548795,1.5120370149612428
1B3,atomoxetine,10,4.6629929599999995,4.7311238499999995,0.3529499378295871,4.049497,5.1802287,369.37439069747927,1.5130528211593628
1B3,atorvastatin,10,6.95892041,6.89918445,0.4482985880785097,6.326622,7.7763877,892.3013764619827,1.5194636344909669
1B3,baicalin,10,5.61682511,5.6592528,0.43170452220083333,4.714464,6.2673564,460.29191675186155,1.5104907035827637
1B3,benzbromarone,10,6.4171692899999995,6.4725669,0.5651644790970821,4.9570613,7.120346,379.4694396734238,1.5234684705734254
1B3,berberine,10,5.28748522,5.15040255,0.4482613729656884,4.678069,5.9731636,436.90776093006133,1.5100697517395019
1B3,bestatin,10,4.677922260000001,4.6432842,0.5620755456491497,3.6650212,5.541273,493.72947483062745,1.9699755907058716
1B3,bromosulfalein,10,5.83344113,5.8535597,0.508667101923285,5.0734644,6.8267183,682.3566325902939,1.5299882888793945
1B3,budesonide,10,6.6929278100000005,6.521663,0.729509628470968,5.637531,7.626504,444.4088443517685,1.7472995042800903
1B3,bufuralol,10,4.27507129,4.31298445,0.5830873539599714,3.2771683,5.1929584,392.92354438304903,1.850777554512024
1B3,bupropion,10,4.78727789,4.92534135,0.59352321956099,3.4748998,5.3618007,364.1045977115631,1.9243117809295653
1B3,buspirone,10,6.22976642,6.2374798,0.41642820531709335,5.2366347,6.7142386,585.54674346447,1.7392417192459106
1B3,caffeine,10,5.14236993,4.9418328,0.4511704054421223,4.6981363,6.039943,335.1385527133942,1.5343172311782838
1B3,candesartan,10,6.3184814000000005,6.30321915,0.36434326943120543,5.6273036,6.88215,597.6184962749481,1.6564720153808594
1B3,captopril,10,4.20757052,4.23289,0.42726374843577397,3.429444,4.918382,349.0711294412613,1.8790860414505004
1B3,carbamazepine,10,4.7924072099999995,4.6424319999999994,0.5431641116647065,4.285268,6.0123997,346.8708570241928,1.5022863864898681
1B3,carnitine,10,3.9977164700000003,4.17792125,0.53006868246079,3.1747322,4.7694426,210.92172961235048,1.5151648998260498
1B3,cefadroxil,10,5.178021169999999,5.2807657,0.8276703492376096,3.6617014,6.120485,560.1418850898742,1.8564399242401124
1B3,cefamandole,10,5.99217685,5.9538422,0.6788655354864618,4.793414,7.087779,698.7076903343201,1.5120426416397095
1B3,celecoxib,10,6.75229226,6.8162525,0.5133805922850136,6.0032525,7.4667225,568.3233060359955,1.5356229066848754
1B3,cerivastatin,10,6.74715235,6.9062382,0.6563830666222906,5.405869,7.5982785,626.8909938335419,1.982888889312744
1B3,cetirizine,10,6.56670632,6.6237115499999994,0.3623949360934458,5.7980733,7.0221686,555.8418840408325,1.7109358072280885
1B3,chelerythrine,10,5.35135816,5.43142745,0.48271121989228777,4.4709897,6.004735,446.64055352211,1.5336363315582275
1B3,chloroquine,10,5.99694972,6.134548000000001,0.54860128809086,5.013519,6.902499,457.16264107227323,1.521853995323181
1B3,chlorpromazine,10,6.01559386,5.8990631,0.7096561253423103,4.941085,7.6633873,452.7076317548752,2.210027480125427
1B3,chlorprothixene,10,5.72479548,5.74049545,0.7165032725547096,4.547177,6.6684294,443.1805413484573,2.468490481376648
1B3,chlorzoxazone,10,3.9565073699999997,3.96051465,0.3969912404523893,3.1453831,4.508642,304.78953168392184,1.853209638595581
1B3,cholecystokinin8,10,6.677984,6.69820095,0.2870529183591147,6.07274,7.0330024,1369.9599484682083,1.823522186279297
1B3,cholicacid,10,6.27620368,6.14373625,0.5945419268822808,5.6494837,7.1456428,473.13388459682466,1.5290632963180542
1B3,cimetidine,10,5.12379262,5.118691650000001,0.7907071233722519,3.7850363,6.441958,434.08124897480013,1.5160991668701171
1B3,clarithromycin,10,5.53720229,5.5494907,0.22196935549823305,5.1622787,5.8890004,857.5524750232696,1.6782289266586303
1B3,clotrimazole,10,5.75408012,5.6948778,0.6354230394678314,4.966469,6.7566786,375.81195855140686,1.5185742616653441
1B3,colchicine,10,5.1323261,5.0466495,0.635621151375461,4.4487066,6.556679,504.7282645225525,1.6920501470565796
1B3,coumarin,10,3.6766655100000003,3.75487255,0.5558305608445786,2.9727447,4.2921906,205.43240990638733,1.5174138069152832
1B3,coumestrol,10,5.08796627,5.14901725,0.5271504624566585,4.319495,5.8367815,331.79245193004607,1.5181209087371825
1B3,cyclosporin,10,7.514060720000001,7.4666145,0.2871032000580736,7.029533,7.9222937,1350.5742762804032,2.2246814012527465
1B3,daidzein,10,4.88739041,4.9461426500000005,0.3714345779763627,4.338358,5.445885,330.5379677057266,2.0300505638122557
1B3,desipramine,10,5.66862024,5.60981205,0.5168936570379403,4.6451335,6.4317904,341.94102721214296,1.62232506275177
1B3,dexamethasone,10,6.570908609999999,6.7242180000000005,0.701190174679828,4.949298,7.1994896,419.0431176185608,2.3623558044433595
1B3,dextromethorphan,10,4.9452687300000004,4.91082525,0.6752200302924652,4.245032,6.4013705,361.76670451164244,1.7953158378601075
1B3,diazepam,10,5.08398348,5.27122855,0.38631957559864516,4.429714,5.6156034,427.62968690395354,2.1865137100219725
1B3,diclofenac,10,5.014932740000001,4.95141835,0.3729070655635477,4.5306396,5.555639,409.2991093873978,1.6561851024627685
1B3,diethylstilbestrol,10,5.67923473,5.82700475,0.567875245909796,4.430143,6.259746,331.67114436626434,2.07862868309021
1B3,digoxin,10,7.28583369,7.25325285,0.42389397625818215,6.6617074,7.9773474,863.7760236024857,1.9666306257247925
1B3,diltiazem,10,5.543236970000001,5.423766649999999,0.4529197392986142,4.8765435,6.5088763,586.8011245489121,1.6260058164596558
1B3,dipyridamole,10,6.499057859999999,6.519331149999999,0.4285093977845557,5.790901,7.040326,658.9491498231888,1.8768442630767823
1B3,disopyramide,10,6.14846003,6.2792215,0.5790216859347191,4.992928,6.8794374,434.5909229040146,1.6148372411727905
1B3,disulfiram,10,6.35875406,6.35471175,0.329812748936946,5.989583,6.8382363,431.6777958869934,1.5731117010116578
1B3,dofetilide,10,5.78016722,5.78489735,0.5104229739414639,4.869257,6.5628104,767.7218360424042,1.647355031967163
1B3,doxazosin,10,6.1054636,6.1396238499999995,0.22890761117602257,5.822139,6.4247847,691.6346987485886,1.5026277780532837
1B3,doxorubicin,10,6.5696172399999995,6.47015955,0.5384695799584744,5.483916,7.262493,684.9343928098679,1.542766547203064
1B3,e3s,10,5.78464853,5.766864099999999,0.5535852037738305,5.0046687,6.555237,413.95961489677427,1.523623561859131
1B3,efavirenz,10,5.13378317,4.993304650000001,0.53101892270121,4.460525,5.883275,434.3620985984802,1.5234422922134399
1B3,elacridar,10,7.1655106,7.1464417,0.4036143550642838,6.4400506,8.032288,805.2680971622467,2.0834397077560425
1B3,eletriptan,10,6.137637939999999,6.1550882,0.5060685218530616,5.127991,6.974143,597.0403695344925,2.2512319564819334
1B3,emtricitabine,10,5.52559413,5.77872085,0.8560510810160947,3.6523519,6.622254,465.2676586389542,2.203914451599121
1B3,enalapril,10,5.7556702799999995,5.7103724,0.649101067167114,4.893018,6.70584,558.4480654478073,2.1749961137771607
1B3,erlotinib,10,6.02638276,6.0885624499999995,0.5058255442968282,4.833776,6.6375036,677.7349544763565,1.7254579067230225
1B3,erythromycin,10,5.60729701,5.679996,0.2816474746273411,5.1090927,6.0095134,862.557775259018,2.2738976955413817
1B3,estradiol-17-b-glucuronide,10,6.083583620000001,6.1416325,0.3295335727952221,5.4088836,6.501002,479.01112284660337,2.0185993671417237
1B3,etoposide,10,7.101755079999999,7.14850545,0.5662735191998726,5.937265,7.8515725,582.1703243494034,1.869028353691101
1B3,ezetimibe,10,6.32912357,6.29565835,0.26905674794036794,5.917944,6.7874107,613.6798413276672,1.541045117378235
1B3,felodipine,10,5.0088682,5.01297355,0.43165699219219056,4.350608,5.7313333,463.3424238681793,1.6458017587661744
1B3,fendiline,10,5.519135589999999,5.5075105,0.5432464096697486,4.7713394,6.252501,367.2954126596451,1.5246728658676147
1B3,fenofibrate,10,6.17822982,6.0921547,0.3406344760651702,5.8618703,6.790377,413.9167413949966,1.5242377758026122
1B3,fentanyl,10,5.777189,5.719746649999999,0.45807323057859783,5.3424187,6.7418556,460.94182312488556,1.7115825176239015
1B3,fexofenadine,10,6.724231209999999,6.6218850499999995,0.5527678885438674,5.9771557,7.5405006,702.4618848323822,1.635895562171936
1B3,fluconazole,10,7.46269971,7.4524765,0.20134208626102804,7.16115,7.8061132,429.54461233615876,1.612406611442566
1B3,fluo-3,10,6.619370910000001,6.3627655,0.6655109606552437,5.723789,7.9398637,973.2740405797958,1.8436071157455445
1B3,fluoxetine,10,5.41854102,5.5227468,0.5841150515079105,4.5762353,6.4520955,473.94319930076597,1.8392486333847047
1B3,flupenthixol,10,7.064427790000001,7.0338697,0.515447957325355,6.10714,7.863129,623.9568481683731,1.905559206008911
1B3,flutamide,10,5.14072983,5.107283600000001,0.6060742721629917,4.4630966,6.421074,452.6035205364227,1.5698468446731568
1B3,fluvastatin,10,6.10785255,6.0813005,0.570136801625394,5.1462045,6.888172,576.096916604042,1.5311522245407105
1B3,fluvoxamine,10,6.12069764,6.0360888,0.8723942680670684,4.9565535,7.44283,542.3665643215179,2.6481080055236816
1B3,furafylline,10,4.882024400000001,4.7803572,0.7280348118385622,3.979159,6.4773912,437.2361031532288,4.097597765922546
1B3,furosemide,10,4.99920149,4.93107865,0.732699865325201,4.0067787,6.557418,506.3865152835846,1.5397854804992677
1B3,gemfibrozil,10,4.94179538,5.025651,0.4305642696230683,4.3188243,5.481249,312.86918053627016,1.5258293867111206
1B3,genistein,10,5.1679547900000005,5.11195035,0.5546472090135202,4.551549,6.4127927,330.79253602027893,1.5594328880310058
1B3,glibenclamide,10,6.6883520700000005,6.772043699999999,0.3249972568655687,6.1045976,7.1878395,677.0352415323257,1.5575207233428956
1B3,glipizide,10,6.5951359499999995,6.49988385,0.4701174698208956,6.0491104,7.5413055,677.6300191879272,2.001155638694763
1B3,glycochenodeoxycholate,10,6.04709151,6.03059865,0.40703068750991245,5.3425117,6.795295,645.4639840126038,1.779134178161621
1B3,glycocholicacid,10,5.5813236,5.3378630000000005,0.5394986502433223,4.8652406,6.6654277,664.4638535737992,1.8938507556915283
1B3,glycodeoxycholate,10,5.51768614,5.697991849999999,0.6370120853427687,4.5462584,6.4220243,649.1022369384766,1.8135149955749512
1B3,glycylproline,10,4.22413806,4.49143485,0.851913955179973,2.7593567,5.305187,254.37255973815917,1.6866048336029054
1B3,glycyrrhizicacid,10,6.813301490000001,6.7484395,0.42022664171856766,6.214511,7.6778655,800.5570439577102,1.5759018421173097
1B3,hoechst33342,10,7.023075489999999,7.0996953000000005,0.3792805820902672,6.5622573,7.678976,790.327313709259,1.5341663360595703
1B3,hygromycin,10,5.32382804,5.35413535,0.7019093366663436,4.065385,6.5252476,654.105752491951,1.7079858303070068
1B3,ibuprofen,10,4.33207971,4.37799375,0.5298979354463114,3.318451,5.1016836,265.04442682266233,1.534470295906067
1B3,imipramine,10,5.53311979,5.3790335,0.5568581274448028,4.889862,6.483142,355.2170242547989,1.559266209602356
1B3,indinavir,10,6.8472883499999995,6.85791515,0.6108976223543703,5.8910656,7.9449973,801.1629140138626,1.6108573436737061
1B3,indocyaninegreen,10,7.484588239999999,7.55416445,0.3376043225632346,7.041058,7.9288907,1147.505666065216,2.237289309501648
1B3,indometacin,10,5.24469803,5.293679,0.5013343898556956,4.491997,5.983135,471.72320957183837,1.6669781923294067
1B3,irinotecan,10,6.9857281,7.0475309,0.572330987630012,5.9762883,7.7966433,861.3446298599243,1.8712251663208008
1B3,isoniazid,10,3.6481496499999997,3.6431333500000003,0.4937162402846761,2.9566872,4.5739813,281.5104538202286,1.5266360282897948
1B3,isradipine,10,5.579260039999999,5.6205183000000005,0.7997005571356809,3.9360979,6.8459697,485.7769690990448,1.5080193519592284
1B3,itraconazole,10,7.89128688,7.83781875,0.328464431370142,7.382485,8.47836,1088.2922645568847,1.6024379491806031
1B3,ivermectin,10,7.37033354,7.3260705,0.6336840543939248,6.328682,8.345265,907.8623034477234,1.6100401878356934
1B3,ketoconazole,4,7.012203599999999,6.994730349999999,0.240732012685434,6.7586217,7.300732,739.0596481561661,2.013315260410309
